open,high,low,close,year,month,day
-0.648610148223045,-0.6911906457524994,-0.660903389338001,-0.6562272782779625,0.0,0.0,0.0
-0.3444767431669693,-0.39517695283716486,-0.37559313758785345,-0.3675787859705504,0.0,0.0,0.0
1.935555098185384,1.9388317693776673,1.9546331293286536,1.8784056333959687,0.0,0.0,0.0
-0.7900906402610808,-0.8080241057050326,-0.7521917017817139,-0.779888276888993,0.0,0.0,0.0
-1.1361760183639993,-1.1557810900264822,-1.1562945181670066,-1.1821950048389407,0.0,0.0,0.0
1.720628851254019,1.7632322085835008,1.7074264538205253,1.6360061740587357,0.0,0.0,0.0
-0.8934120546435025,-0.8969625014260024,-0.9478790517757323,-0.8662728516269722,0.0,0.0,0.0
-0.4671855646284123,-0.49793142419780156,-0.47340492852575117,-0.4914898017850038,0.0,0.0,0.0
-1.1095542256781499,-1.1391144312624488,-1.1135284296809358,-1.1321677035913023,0.0,0.0,0.0
1.071714102640574,1.121494050708184,1.14491725495816,1.1940960986370714,0.0,0.0,0.0
1.1085867678390922,1.0904116725326676,1.1630582217905552,1.120381482842696,0.0,0.0,0.0
-0.6128145036070591,-0.6364552027092787,-0.5822751739654398,-0.6164205973130055,0.0,0.0,0.0
-1.127115155118652,-1.1495480306513153,-1.14039393788817,-1.1476583960457276,0.0,0.0,0.0
1.4606418875539497,1.401979700183372,1.3328939766570806,1.4624517008359241,0.0,0.0,0.0
-0.03310584272375054,-0.060339106506813796,0.005038760083594825,-0.02722964075939294,0.0,0.0,0.0
-0.8678569166058009,-0.898356951276482,-0.911592866903061,-0.8751137089198071,0.0,0.0,0.0
-0.7193379551208018,-0.7079624696974247,-0.6745370130140196,-0.6831751906270211,0.0,0.0,0.0
-0.479166511589827,-0.4204621004160177,-0.47230811689232033,-0.3912484644489966,0.0,0.0,0.0
1.218683356935115,1.2452936926911398,1.2908739751542155,1.2811581058805919,0.0,0.0,0.0
0.9363971951874638,0.8949591502341776,0.8925761831311322,0.9787680041269354,0.0,0.0,0.0
-0.5520120788823031,-0.5429552672671248,-0.5156215483931359,-0.5338277772576489,0.0,0.0,0.0
0.2421584350719523,0.20211577046373377,0.18506784864802286,0.14175812819176153,0.0,0.0,0.0
-0.754960488632569,-0.7770125117858858,-0.7203607827688701,-0.7512763496258642,0.0,0.0,0.0
0.2768843152594748,0.23520134309450746,0.16428688172120715,0.10269319951081948,0.0,0.0,0.0
-0.513831232764482,-0.5218534692397101,-0.5004394222462756,-0.5293357669222847,0.0,0.0,0.0
-0.4280292840850252,-0.42361503343544843,-0.4125127524348704,-0.4597936374024668,0.0,0.0,0.0
-0.5018067488786533,-0.5284333714710877,-0.47619372089602485,-0.5148596671024985,0.0,0.0,0.0
-0.7473135388372454,-0.6619274229656799,-0.7287632951466847,-0.6328698619498501,0.0,0.0,0.0
1.4081456860513615,1.4755447666245458,1.3436282765579062,1.323180706955558,0.0,0.0,0.0
-1.2284825908696262,-1.0299145477575364,-1.2067499789087677,-1.050308336493706,0.0,0.0,0.0
1.5870720794593691,1.5260038293793854,1.6444851955307545,1.5920425680559487,0.0,0.0,0.0
1.624380113902029,1.5761211052963267,1.5940393000067266,1.5070107834974875,0.0,0.0,0.0
0.026401876796401817,0.027570895089473062,0.04283412375420408,0.0767619546279636,0.0,0.0,0.0
-0.5575205364141391,-0.5647608630435849,-0.7703911227224799,-0.7834414259417927,0.0,0.0,0.0
1.235222205245322,1.1589884713071161,0.8994727051169198,0.9157833797641244,0.0,0.0,0.0
1.629691618680563,1.5710023923571481,1.5761172703802298,1.519638208394036,0.0,0.0,0.0
-0.6512555346779273,-0.6568815166901958,-0.6529802006488274,-0.6937568316017824,0.0,0.0,0.0
1.4414773480641905,1.456402681294904,1.4976304076697284,1.4668223335248138,0.0,0.0,0.0
2.0678824701620524,1.9825622829627532,2.0772804767103623,2.029263524143699,0.0,0.0,0.0
-0.9311948488809652,-0.9019912172392252,-0.9137875529718928,-0.8748097460957281,0.0,0.0,0.0
1.2755633120888386,1.187295095429285,1.1575316515445857,1.1060371348272031,0.0,0.0,0.0
-0.8096024385527146,-0.841788195993291,-0.8362848448859628,-0.8710843860231432,0.0,0.0,0.0
0.01705698694892397,0.014759955890253513,0.07347364175825337,0.06207214715711843,0.0,0.0,0.0
1.4955242933506752,1.4068092088750979,1.466913305121842,1.404316995253212,0.0,0.0,0.0
-0.6442212116047175,-0.6570058947406736,-0.7440442618767903,-0.7764409442459409,0.0,0.0,0.0
-0.8791329800290809,-0.9025787265670923,-0.8605167298105985,-0.8720159853952348,0.0,0.0,0.0
1.429736890780493,1.4071873990448434,1.423338424336313,1.4476425905501678,0.0,0.0,0.0
-0.6699432411860065,-0.7115047161268876,-0.680424935929918,-0.6712864057671425,0.0,0.0,0.0
-0.8109116560654563,-0.842141106071476,-0.7924208819644906,-0.8188868109598969,0.0,0.0,0.0
-0.5777963040698983,-0.4048895640147246,-0.5379265733454752,-0.35286408052094126,0.0,0.0,0.0
1.9840749272581413,2.11795840854636,2.074729751981453,2.1956338930772725,0.0,0.0,0.0
1.4911415762929783,1.418786916256482,1.2850678879900366,1.2246718539752215,0.0,0.0,0.0
1.0773314024834455,1.0086983269797007,1.088622760191138,1.0536341514391532,0.0,0.0,0.0
1.9117994863568035,1.9789856556087675,2.0299188325043738,2.0745436107736404,0.0,0.0,0.0
-0.054199482602433784,0.03700643646352946,-0.00039109518307026066,0.05913107341560407,0.0,0.0,0.0
-1.1337420969705574,-1.1209228773754836,-1.1026772215633684,-1.0894240985479584,0.0,0.0,0.0
1.9758132775538264,2.0139106077014866,2.051019702824274,1.9665050564213287,0.0,0.0,0.0
-0.4790763279606834,-0.4679391235703757,-0.48981140254248795,-0.5229193503116082,0.0,0.0,0.0
-0.5330051015951867,-0.461847632707948,-0.5110674419500632,-0.4839011053408493,0.0,0.0,0.0
1.4802366133206581,1.462035085694593,1.5348858679393855,1.5364661297912519,0.0,0.0,0.0
1.9494869139979305,1.9026771936314442,1.9390960273236864,1.8437082251565704,0.0,0.0,0.0
-0.7218993775071709,-0.7536324719070353,-0.7007775936626712,-0.7363520861883235,0.0,0.0,0.0
-0.4411857280056231,-0.34006028601321114,-0.40060299355480633,-0.3273519516139482,0.0,0.0,0.0
1.532553484158397,1.5233524533765157,1.5535263516978584,1.5908287915911963,0.0,0.0,0.0
-0.47857047036272776,-0.47466362792547956,-0.43038164196284856,-0.43266210246002285,0.0,0.0,0.0
0.07168338796749292,0.044055537194270585,0.11814002016736144,0.07545169849550043,0.0,0.0,0.0
1.456274719397829,1.488083692038574,1.5049541760476088,1.5565245639331151,0.0,0.0,0.0
2.1576006688519103,2.3248547226924763,2.211875843843069,2.3978189670472854,0.0,0.0,0.0
-0.37955506512355897,-0.20195413461431422,-0.33289719403182766,-0.31693214750115406,0.0,0.0,0.0
1.8697200123170334,1.9273616862348186,1.9579193130210646,1.9380923129883125,0.0,0.0,0.0
0.8988797688702398,0.8545868440119939,0.7332611049693858,0.7620850446057177,0.0,0.0,0.0
0.17323948372426204,0.21275262178874718,0.22812301927003678,0.26646172966354015,0.0,0.0,0.0
0.27015475065716427,0.20522319931835542,0.1499953836255239,0.11117718577470143,0.0,0.0,0.0
1.2751258696578194,1.3324907957054195,1.3263619957471329,1.3924572580352246,0.0,0.0,0.0
1.500799517358863,1.4577475821659251,1.5959884788204015,1.5590849060826946,0.0,0.0,0.0
0.2519894872420557,0.23419115063574808,0.30134901222716254,0.24737224186191473,0.0,0.0,0.0
-1.139766778034733,-1.164304525697034,-1.0980933566651252,-1.129673756051761,0.0,0.0,0.0
-0.5843703796564439,-0.5646597426773428,-0.7436488995438096,-0.5334086612817857,0.0,0.0,0.0
0.649380020986802,0.5924757762866695,0.31083239420885256,0.243884450003371,0.0,0.0,0.0
-1.1749736375776885,-1.144962222042233,-1.1384181890252358,-1.1235073566445077,0.0,0.0,0.0
-1.0982491376385939,-1.100698804127051,-1.0587994422162816,-1.0669578223764458,0.0,0.0,0.0
-0.7766729747939977,-0.8040814226252504,-0.7709310261234325,-0.7886866001347724,0.0,0.0,0.0
-0.5033720049706877,-0.5280339460244311,-0.493751209446682,-0.5283076878824818,0.0,0.0,0.0
-0.8262200679642424,-0.8286850189356314,-0.7822860023749587,-0.7896607335539195,0.0,0.0,0.0
-0.32169863895083123,-0.32227725840586424,-0.3413432812904274,-0.35684671970742243,0.0,0.0,0.0
0.9100397338284153,0.8384490447634066,0.8661113512667304,0.859845920807347,0.0,0.0,0.0
-1.0798060671819851,-1.097389134539945,-1.1245890097866675,-1.1508370380012833,0.0,0.0,0.0
1.100142677689613,1.1234790434975175,1.0299954150991348,0.9630055087376692,0.0,0.0,0.0
-0.7814838049417675,-0.7567884385374531,-0.796316051185929,-0.7403606607693506,0.0,0.0,0.0
0.21063666520262775,0.2330788266070843,0.26419876935257314,0.2829234432897667,0.0,0.0,0.0
0.004459266891641292,-0.057354033295345455,0.021529195455991607,-0.013987028304214085,0.0,0.0,0.0
-1.1342116737981678,-1.1567680248010055,-1.0965650474317203,-1.1210351948363848,0.0,0.0,0.0
-0.6947499587611589,-0.5691161172176349,-0.6639748870323958,-0.5247472769192093,0.0,0.0,0.0
-0.7878329397521727,-0.7930421122425937,-0.7961513168805203,-0.7779285984770985,0.0,0.0,0.0
1.9315393352048928,1.8714016755564054,1.9140340940601852,1.9560562046666428,0.0,0.0,0.0
-0.6876513668947662,-0.6657801089195061,-0.6418866736820139,-0.6442160783558267,0.0,0.0,0.0
0.23845779649674462,0.4322849369004839,0.2786369341201688,0.3414834893430333,0.0,0.0,0.0
1.362504476957134,1.409717430608222,1.384444123428332,1.4557105730855326,0.0,0.0,0.0
0.2177031226724288,0.24312715740056795,0.2488763533456228,0.2821256705535324,0.0,0.0,0.0
-1.1398683641916993,-1.164985065761844,-1.1101614730387759,-1.1398310939717498,0.0,0.0,0.0
-0.06726781608076499,-0.08737161401433151,-0.05068501002533393,-0.0481729905631655,0.0,0.0,0.0
1.135774540542326,1.4369228539420138,1.227299286890099,1.4748197717870128,0.0,0.0,0.0
-0.4593323327388403,-0.483763449683612,-0.4248699509444643,-0.47038772736660994,0.0,0.0,0.0
0.1756267584129743,0.38809634805632076,0.23285355084019244,0.4158786498902958,0.0,0.0,0.0
0.08873016706253203,0.08918454544448577,0.14255576983287258,0.13547657563272444,0.0,0.0,0.0
-0.8832824635631301,-0.8834285516081513,-0.8850674553263478,-0.8724247272132793,0.0,0.0,0.0
-0.46413176035878734,-0.4928966411626042,-0.45261333357923145,-0.46241933674630226,0.0,0.0,0.0
1.028844744400718,1.601929045168651,1.0990956108072503,1.601207099072717,0.0,0.0,0.0
0.01373574157218292,-0.02316119265422002,0.07974629898742884,0.02209221775659449,0.0,0.0,0.0
-1.0935782476050129,-1.1147545350347117,-1.0681659159812298,-1.0993355689276512,0.0,0.0,0.0
-0.6606294491416815,-0.6774220966849664,-0.6609076405458826,-0.642814529634562,0.0,0.0,0.0
1.3863347235132817,1.3262911060511127,1.3224721405355468,1.2674061222765292,0.0,0.0,0.0
-0.8924511325260746,-0.9229292002733276,-0.8498121883649435,-0.8839898383492246,0.0,0.0,0.0
-0.8958200612009835,-0.921807775411702,-0.8766713197603556,-0.8989649351600753,0.0,0.0,0.0
-0.8019326837017453,-0.8304869838620667,-0.8065263897153576,-0.8475495715963359,0.0,0.0,0.0
-1.105753037539414,-1.1082575515036526,-1.088487752456842,-1.1161634903248674,0.0,0.0,0.0
-0.7356041793567002,-0.7272612915947415,-0.6854530520517801,-0.6902794139010568,0.0,0.0,0.0
-0.4072341831166106,-0.3985533618659906,-0.3926681140439585,-0.40995307099555967,0.0,0.0,0.0
-1.128708399233524,-1.13064661179333,-1.0872921002401659,-1.101707101404936,0.0,0.0,0.0
-0.49959880485478997,-0.5037852821995603,-0.4531851210392953,-0.472131623295882,0.0,0.0,0.0
-1.1564922131638578,-1.1714598028123295,-1.1223167391739977,-1.146609568690288,0.0,0.0,0.0
-0.8367331986168348,-0.8589200084420382,-0.8277813663209626,-0.8218538200959576,0.0,0.0,0.0
1.3379403222465749,1.2858429595542473,0.8855021732162907,0.9046145614568417,0.0,0.0,0.0
-0.7930801757375231,-0.8296881329687534,-0.9015408858672185,-0.8074430774704275,0.0,0.0,0.0
1.0319410490013186,1.1770141877934435,1.1224591865220868,1.2412238227744685,0.0,0.0,0.0
-1.0334651575168152,-1.0647181554107643,-1.0450712291648994,-1.075705312248915,0.0,0.0,0.0
-0.4061042962687179,-0.39814382438270995,-0.41749835647791717,-0.4546750279348715,0.0,0.0,0.0
-0.44384251698832833,-0.483763449683612,-0.4344426082916657,-0.47553642189187867,0.0,0.0,0.0
-0.9013938241194405,-0.8690320450662545,-0.9179845579529188,-0.8623628315452199,0.0,0.0,0.0
1.4972595507666133,1.4537027675162386,1.5688360140811648,1.4864336414647046,0.0,0.0,0.0
1.8372279909893354,1.7314945704347353,1.7017925405755472,1.602293273396303,0.0,0.0,0.0
1.2332910316695205,1.163245638725911,1.1679821833193202,1.1987240104398567,0.0,0.0,0.0
-0.47577477785927247,-0.5222771635742647,-0.46621719880007956,-0.4739284274300277,0.0,0.0,0.0
2.1886383495854864,2.1429523294704356,2.265170048647712,2.1643329841076167,0.0,0.0,0.0
-1.1035927768137186,-1.1237552588339264,-1.0668065922611152,-1.1038493649944343,0.0,0.0,0.0
-1.1730320980675026,-1.1916060133787558,-1.138014324276492,-1.1719318505092042,0.0,0.0,0.0
-1.1479651955393035,-1.1691158327228361,-1.121803405822305,-1.1437245154009927,0.0,0.0,0.0
0.2612317543391289,0.2312091110352665,0.18680552986959198,0.1435497452469981,0.0,0.0,0.0
0.23975457488822513,0.31104262897979224,0.25202437278188455,0.373829076005002,0.0,0.0,0.0
0.13662700347879048,0.10682094852078147,0.10535663806764588,0.07254382205900489,0.0,0.0,0.0
-0.9253888890322992,-0.8477967681554003,-0.892175474904241,-0.8087087247242716,0.0,0.0,0.0
-0.7572337380430538,-0.7677033708696321,-1.0082462036932458,-0.9082197213498638,0.0,0.0,0.0
-0.7682838240967552,-0.8106067198588575,-0.8034346987835258,-0.7858150332506412,0.0,0.0,0.0
2.3453795702241402,2.315248287899471,2.3704012601408233,2.3912500503166787,0.0,0.0,0.0
-1.1574966722056996,-1.1871476164311388,-1.1306809906808786,-1.1601447323959455,0.0,0.0,0.0
2.005640217151312,1.9933285683565565,2.1088297532010554,2.0446815974933954,0.0,0.0,0.0
1.1036577660393414,1.1288606693889256,1.0677248850475807,1.064655656705414,0.0,0.0,0.0
0.7564632329572987,0.8205881544740536,0.7962863246148167,0.8837874022206358,0.0,0.0,0.0
-0.7976391136797536,-0.7446539945883935,-0.750154310404498,-0.7214018873562368,0.0,0.0,0.0
0.4174588246323196,0.3639255469134566,0.2330002175121048,0.21582442793618078,0.0,0.0,0.0
0.05958012298034308,0.08096143726167307,0.061357699295935535,0.03144452102987585,0.0,0.0,0.0
-0.8545408372956842,-0.8854762390245551,-0.8365888062494912,-0.8618295998333545,0.0,0.0,0.0
0.002712606947880982,0.0061080973545738805,0.05889093592268653,0.04565089274638392,0.0,0.0,0.0
-0.8804857344662365,-0.901654486419639,-0.8642354739049539,-0.8789625214704309,0.0,0.0,0.0
-0.8663134289759735,-0.8924919700344365,-0.8282032987032026,-0.8596448021968007,0.0,0.0,0.0
-0.46088722289649053,-0.5006171811251933,-0.46398531466228415,-0.4971831395957382,0.0,0.0,0.0
0.3361961186197633,0.38208878709787386,0.07187943880268523,0.14300925162465952,0.0,0.0,0.0
-1.0190305938866286,-0.9370820067325807,-0.9795452364831675,-0.921101313112963,0.0,0.0,0.0
0.13787817175897968,0.1879791432630794,-0.043434574983409927,0.13531266393919367,0.0,0.0,0.0
-0.5779289880300178,-0.6165344905595725,-0.5875891838173336,-0.6245228145691709,0.0,0.0,0.0
-0.8666969685481939,-0.8836419155809223,-0.8784770203080292,-0.843825248939533,0.0,0.0,0.0
1.2339896956470244,1.287534703281479,1.2145520400573766,1.356494202541982,0.0,0.0,0.0
-1.143863395303422,-1.1697650254741108,-1.1533930687878726,-1.1708840605695463,0.0,0.0,0.0
1.3712502157971975,1.5144761076277788,1.463141420928968,1.5186422892434697,0.0,0.0,0.0
0.7980285566516058,0.7210068402060961,0.7020094130303982,0.6549179195101512,0.0,0.0,0.0
-0.3981287463534106,-0.39715385599719905,-0.37470994915046857,-0.3446031386501546,0.0,0.0,0.0
-0.44661747762301485,-0.49620631074971017,-0.5460198103499092,-0.5572049044856164,0.0,0.0,0.0
1.5124207663971412,1.4805967401220044,1.5562386223262654,1.5724457839370034,0.0,0.0,0.0
-0.4938519308321143,-0.49387548630782835,-0.4861043492698067,-0.4825296416772576,0.0,0.0,0.0
1.3066123953502373,1.234844925247337,1.321858903798638,1.2399913728256435,0.0,0.0,0.0
-0.764304341886609,-0.709723986477363,-0.7292968217358149,-0.752812762398768,0.0,0.0,0.0
-0.7876028160088404,-0.7795182744613666,-0.7808862921799701,-0.7428846933665659,0.0,0.0,0.0
-0.47500666212139325,-0.523334882605158,-0.672233921144209,-0.7148869162462859,0.0,0.0,0.0
-0.8822292846296816,-0.8804626912662687,-0.8456343138193848,-0.8481460856708936,0.0,0.0,0.0
-0.8638836539562854,-0.8958289421204279,-0.859639918185036,-0.8915090279359961,0.0,0.0,0.0
-1.1190888121248612,-1.1404664105591065,-1.09689983005239,-1.1030515922581996,0.0,0.0,0.0
-1.1342386252275671,-1.1470119318659617,-1.1084684294999625,-1.1177922331023546,0.0,0.0,0.0
-0.7070677985900644,-0.7415455545301093,-0.6969504437673375,-0.7110370662798801,0.0,0.0,0.0
-0.9292750778329862,-0.9166637823809632,-0.8957252334853059,-0.8815550235092475,0.0,0.0,0.0
1.4221396974702138,1.396974242054385,1.4572418071913953,1.4142844860851245,0.0,0.0,0.0
-0.8705572425129201,-0.8526636913826356,-0.8543131547094978,-0.8868344324230278,0.0,0.0,0.0
-0.6757720060903184,-0.5330464825790551,-0.6447116013192808,-0.49515602915802404,0.0,0.0,0.0
-0.5194692644761217,-0.5090182611525923,-0.463689855714519,-0.46527741722526955,0.0,0.0,0.0
-0.5275225588993115,-0.5443578067469036,-0.5499054143536141,-0.5471699816278845,0.0,0.0,0.0
1.209474260828072,1.1685433347133378,1.256331848314936,1.2163393304154881,0.0,0.0,0.0
-0.49880684746782683,-0.5432839084574119,-0.576110922537243,-0.6150916676964695,0.0,0.0,0.0
-0.8656821435719675,-0.8999748771363566,-0.844848903163275,-0.8729309861148171,0.0,0.0,0.0
-0.5625863685477636,-0.5786052523857995,-0.5228411621779189,-0.5493309187014558,0.0,0.0,0.0
-1.1251642862675202,-1.15390530723269,-1.1176754829693538,-1.1431352632369078,0.0,0.0,0.0
-0.9035043283600908,-0.8762014790328241,-0.86607730971962,-0.8399276778471623,0.0,0.0,0.0
-1.1202964434806364,-1.1403369764903166,-1.0843035010994608,-1.1034437354237352,0.0,0.0,0.0
-0.7894251472736067,-0.8016252089292286,-0.771135084101745,-0.8055280079371522,0.0,0.0,0.0
-0.7153367044484482,-0.6987402922961393,-0.690523680252457,-0.6784466494933973,0.0,0.0,0.0
-1.1914948637994418,-1.2200208362928038,-1.236323506536527,-1.239103484967519,0.0,0.0,0.0
1.5960054417117893,1.5690800941948844,1.6599553410115873,1.6306894181768092,0.0,0.0,0.0
-0.12431880915183023,-0.1504869018080402,-0.5508406800875473,-0.5434000126766805,0.0,0.0,0.0
-0.8755474033255394,-0.9124976232917861,-0.8547807875764643,-0.8923285864036489,0.0,0.0,0.0
-0.3037158159808868,-0.3169148453840424,-0.3146255025570759,-0.3395737469397975,0.0,0.0,0.0
0.26234401909856797,0.195366997220732,0.22658620762086917,0.17686324083342267,0.0,0.0,0.0
0.1931711023584614,0.21902309569942358,0.2637151944560509,0.25675981727177866,0.0,0.0,0.0
-0.6373641460094801,-0.6550289915806393,-0.5854869615199245,-0.608223975220693,0.0,0.0,0.0
-0.4623488196446816,-0.5086026564473369,-0.44628753625153705,-0.4949734439804205,0.0,0.0,0.0
-0.8883130515198477,-0.87863847985926,-0.8543407875607274,-0.8460152336549955,0.0,0.0,0.0
0.1303514668025143,0.12172305689388899,0.1839210853219841,0.18078778473612067,0.0,0.0,0.0
1.0217668844030943,1.040626071417001,1.0923159970382041,1.1144879237860663,0.0,0.0,0.0
-0.8118207485109625,-0.7549328798169096,-0.8644490971009999,-0.8761625362752468,0.0,0.0,0.0
-0.8252114625486466,-0.7982477886967402,-0.7769868717506506,-0.7962586979264176,0.0,0.0,0.0
-0.5339929751420137,-0.4966198930476406,-0.48057033941004457,-0.4578121732591538,0.0,0.0,0.0
1.5528302884075948,1.5194613416835177,1.568623453687089,1.497346218073872,0.0,0.0,0.0
1.2613827138510687,1.262621678650397,1.3452649915922896,1.3306386890112007,0.0,0.0,0.0
-1.174555890422,-1.1259788956875918,-1.135112874897358,-1.095696314364959,0.0,0.0,0.0
-0.4995884389204054,-0.4231195436408617,-0.4810826099597671,-0.4027762286167952,0.0,0.0,0.0
-0.517310040343865,-0.5364764854019894,-0.5118783598534622,-0.5205281069344686,0.0,0.0,0.0
-0.6829265740023862,-0.6812060207897481,-0.6660973025672419,-0.6837208713282684,0.0,0.0,0.0
1.3171141234750077,1.2550073150723617,1.2826234434581654,1.2432135862440363,0.0,0.0,0.0
-0.8859921188111952,-0.808778463637199,-0.88131363876697,-0.8969803587694165,0.0,0.0,0.0
-0.5127459194344419,-0.5120771522314178,-0.4669856046246633,-0.4772419334372224,0.0,0.0,0.0
1.9186990522830167,1.9039917583925923,1.9673867529731988,1.876226022838324,0.0,0.0,0.0
-1.1275733294184394,-1.1587418943500527,-1.103792100830296,-1.1308615971219669,0.0,0.0,0.0
-0.6711384334205206,-0.7097401657359618,-0.6613338241360044,-0.7075015532953715,0.0,0.0,0.0
1.1881318385241646,1.2122910387606847,1.2512102056196805,1.246625646750506,0.0,0.0,0.0
-0.5987137230640482,-0.392755120065665,-0.5627323713341151,-0.37470894463913207,0.0,0.0,0.0
1.030657746324538,1.0452513169689175,1.0797813105995575,1.0832088005478282,0.0,0.0,0.0
-0.005890081997678866,0.0055124983974075975,0.020663011850132765,0.039426398055347915,0.0,0.0,0.0
1.2647081056015628,1.2195403578165855,1.331728082895575,1.2815969327563095,0.0,0.0,0.0
-0.9175760842868256,-0.9306942331970635,-0.9012007892366972,-0.9251721326409004,0.0,0.0,0.0
1.2074425376887425,1.1985012544162414,1.1812959036022546,1.1415872988392735,0.0,0.0,0.0
-0.3595508849486692,-0.3208261811502893,-0.35449333006992373,-0.37664476248804424,0.0,0.0,0.0
-0.7463298116641719,-0.7375755689514422,-0.7940884182560152,-0.7419115973632006,0.0,0.0,0.0
-1.150727717052729,-1.1735661400411537,-1.116303405625595,-1.1463699256446829,0.0,0.0,0.0
0.13841720034696517,0.1478202010136667,0.16583113298416738,0.20013351423586087,0.0,0.0,0.0
2.3766608504157487,2.257008012962297,2.147320189360293,2.0559832050207523,0.0,0.0,0.0
1.439431112616723,1.5290374403666502,1.428897941443364,1.3440223900127102,0.0,0.0,0.0
1.6719027400870137,1.629652204777603,1.6157289626182165,1.5389735637359572,0.0,0.0,0.0
0.1996871287124545,0.16228243579362095,0.25255577376707394,0.22186322520226745,0.0,0.0,0.0
0.8541466156280801,0.7849230013004429,0.8158408180678153,0.8036823052101295,0.0,0.0,0.0
-0.6884578365898675,-0.6809481638558307,-0.712239912913206,-0.7311660446949085,0.0,0.0,0.0
-1.1968374663811283,-1.1808872545570865,-1.1636065957232125,-1.153846581184399,0.0,0.0,0.0
-0.5386866702312405,-0.5782098717537927,-0.6226616488398327,-0.6654530168258597,0.0,0.0,0.0
1.3981860962948922,1.3307626486463413,1.419824801022241,1.3773587087463348,0.0,0.0,0.0
1.4302779925553548,1.3681235903618336,1.459687314525237,1.4168157805928117,0.0,0.0,0.0
-0.34955294123497793,-0.3535204179637056,-0.2994401880043041,-0.34069208115262023,0.0,0.0,0.0
0.269515172505651,0.2645272605083971,0.3036765485422922,0.2844079852735789,0.0,0.0,0.0
-1.1637328183313156,-1.185092850589098,-1.1286712321548924,-1.1506969868707346,0.0,0.0,0.0
0.06746963564026057,0.01627271656923619,-0.058313802568712526,-0.11939573364956314,0.0,0.0,0.0
0.9520580488553174,1.0653985387390066,0.9699077800998308,0.9423796081631388,0.0,0.0,0.0
0.17611084754872294,0.12291223240089703,0.18942533672657577,0.16456260190815372,0.0,0.0,0.0
-0.6194683968883636,-0.6518093191194888,-0.6012993292352196,-0.6328480762184315,0.0,0.0,0.0
-0.6407890507300641,-0.6852306113661861,-0.6858983660773686,-0.7119738527308809,0.0,0.0,0.0
-0.8795766420207303,-0.9169489418137662,-0.8824805953304459,-0.913436885316734,0.0,0.0,0.0
-0.7810411795435563,-0.8070523389854453,-0.7767679345447525,-0.7975471683274622,0.0,0.0,0.0
-0.48188134980508424,-0.4622591925985536,-0.4621541068673216,-0.41421581244313754,0.0,0.0,0.0
1.9599295562967094,1.936812395663811,1.9608877189243326,1.9906695822277123,0.0,0.0,0.0
-0.8518954508408018,-0.8039489549454735,-0.8032540224485614,-0.7718057705326827,0.0,0.0,0.0
-0.6291563991639635,-0.6622419073046927,-0.750971605119719,-0.7638705772173935,0.0,0.0,0.0
1.7144559373281478,1.6592794608828942,1.802861819552656,1.7413899814253202,0.0,0.0,0.0
-0.41427990871764325,-0.37576689853698153,-0.383292075061277,-0.42346437413823534,0.0,0.0,0.0
-0.3322895141113062,-0.3546327419923694,-0.2846906222593878,-0.3209220485981081,0.0,0.0,0.0
-0.6818951635311451,-0.6774554664058262,-0.6758006845568003,-0.7186454736238898,0.0,0.0,0.0
0.2166686024208722,0.18251864348600258,0.25748930051357194,0.22758664807067486,0.0,0.0,0.0
1.5661816118946188,1.6014284993557526,1.6422182389279363,1.68746407166953,0.0,0.0,0.0
-0.8442795988486307,-0.7997645941903726,-0.8096510275082713,-0.7664018717250816,0.0,0.0,0.0
-0.5536706283837968,-0.46353937643517934,-0.587638072707971,-0.44907713237606656,0.0,0.0,0.0
1.530230478262868,1.655073864850883,1.6280372722371725,1.744874661036519,0.0,0.0,0.0
1.1084364617905198,1.1003073115731257,1.1575316515445857,1.1379584184343992,0.0,0.0,0.0
1.585762861946628,1.4957870415389023,1.5338081867414215,1.5017832453727993,0.0,0.0,0.0
-0.8762626527980583,-0.6862852967860918,-0.8307848446892527,-0.6603478937634284,0.0,0.0,0.0
-0.7446018104023033,-0.7769235258635927,-1.0566217609789754,-0.9521605042054507,0.0,0.0,0.0
-0.8767508883075603,-0.8119991473020122,-0.8559137344768879,-0.7768911826952591,0.0,0.0,0.0
-0.5560724153806473,-0.5891399721409081,-0.5507099554451907,-0.57342801248202,0.0,0.0,0.0
1.5502730123949797,1.6116527795864979,1.6304785283631327,1.6782518195267973,0.0,0.0,0.0
-0.6210709703441821,-0.6561746853301629,-0.6119199093252146,-0.6174134042162257,0.0,0.0,0.0
-0.4963107304680787,-0.4789420306211856,-0.470551305235284,-0.509065699960926,0.0,0.0,0.0
-0.7920808996628732,-0.8031763953473834,-0.7815197221543158,-0.8064419712409524,0.0,0.0,0.0
-0.8482746299603535,-0.8290895004006,-0.8452804007632485,-0.8613472014947992,0.0,0.0,0.0
0.14797562844276047,0.10249805286392899,0.1247963489078437,0.09382121974452946,0.0,0.0,0.0
-0.6218732936655295,-0.6132905492105237,-0.5926087975234324,-0.5732329783150341,0.0,0.0,0.0
1.1144756551628334,1.038250754013973,1.1062833405329224,1.0377814008768658,0.0,0.0,0.0
1.7384727707032133,1.634705189478724,1.7215606572245923,1.675232939601644,0.0,0.0,0.0
1.121830285608519,1.0527989411052325,1.1127026644340094,1.0275991649781133,0.0,0.0,0.0
1.2372114280536761,1.1725881493630244,1.294101704738256,1.2154544147535793,0.0,0.0,0.0
0.041067600763359045,-0.020424875543707314,0.06401470422188242,0.03199331397846895,0.0,0.0,0.0
2.390901571072948,2.3688420820078173,2.473751312146365,2.395867587961646,0.0,0.0,0.0
-0.7119584464325934,-0.739621233960521,-0.7146057100992693,-0.7401230925553094,0.0,0.0,0.0
0.05406751907475365,-0.0009844851336514007,-0.011550515872047211,-0.02810936934239265,0.0,0.0,0.0
1.320814762050215,1.2716739738363951,1.3116379372495055,1.2707320772731068,0.0,0.0,0.0
-0.903270058243005,-0.9248191399183935,-0.8654183724979851,-0.8890545021961642,0.0,0.0,0.0
1.937479015607117,1.9734614500009584,1.997145208143804,2.012114003854113,0.0,0.0,0.0
0.1479403842658537,0.12863968994485311,0.1954067862158673,0.17839757877476312,0.0,0.0,0.0
0.9211706741703141,0.9263742144146303,0.9131934785545094,0.9578350284809816,0.0,0.0,0.0
-1.154802565859211,-1.1837843530499246,-1.1452413776750676,-1.1533932304877352,0.0,0.0,0.0
-0.05315355982305436,0.026894399839313122,0.013967359436746594,0.06464908795920735,0.0,0.0,0.0
-0.525326017403271,-0.5262340035053207,-0.48981140254248795,-0.4988907259726456,0.0,0.0,0.0
-0.45354606816550447,-0.4153312530328902,-0.44664144930767335,-0.4670576227069058,0.0,0.0,0.0
-0.9225185618012766,-0.8522460642700554,-0.9546831099900972,-0.961068793524105,0.0,0.0,0.0
-0.3723051306151552,-0.3826845427916079,-0.3720529442245217,-0.39268528530684393,0.0,0.0,0.0
-0.32567501138066224,-0.3227798266260879,-0.30992472944209065,-0.35828872764417924,0.0,0.0,0.0
-1.1486773352315072,-1.1500455428532266,-1.1225994444981184,-1.1437483759639748,0.0,0.0,0.0
-0.41078658883012226,-0.4500650876334111,-0.45101913062366333,-0.4746670674666972,0.0,0.0,0.0
-0.7165681774533074,-0.7599757524814063,-0.7687724753215931,-0.8052230076972912,0.0,0.0,0.0
-0.7197888732665202,-0.6871225734185773,-0.7046451300328795,-0.6774144207904674,0.0,0.0,0.0
-0.8099071970236144,-0.8408376645506146,-0.8277824291229328,-0.85019705667159,0.0,0.0,0.0
-0.039255951593976345,-0.06665710698962449,-0.05640075902203077,-0.08485393777744044,0.0,0.0,0.0
-0.647323735765949,-0.6556680722952898,-0.6338210695288096,-0.6595210733853023,0.0,0.0,0.0
0.17170532543538053,0.21245027189368296,0.21129567567302973,0.27539076729783124,0.0,0.0,0.0
0.2613530357714254,0.2190220844957613,0.32004369888612505,0.26757280196589034,0.0,0.0,0.0
-0.8911491711674019,-0.9258940494115478,-0.8644299666655331,-0.8979908017409282,0.0,0.0,0.0
-1.099649575373918,-1.1183948682194296,-1.0897620520193263,-1.1150202581332802,0.0,0.0,0.0
-0.6350815672580494,-0.6597128869449763,-0.6120336291360451,-0.6119254747302958,0.0,0.0,0.0
-0.7812930717490957,-0.7719564934737777,-0.8294404001967235,-0.7832069699750968,0.0,0.0,0.0
0.18330169623113607,0.151943889549022,0.0968085218198895,0.15311471875555646,0.0,0.0,0.0
0.9729754678494672,0.9723698242035409,0.9614457508116756,1.0364960427231669,0.0,0.0,0.0
-0.47170511201998266,-0.49966260486786734,-0.5066610649808728,-0.4744346863315654,0.0,0.0,0.0
-0.529474464343882,-0.5068391172600738,-0.4981012579114423,-0.5126779817132905,0.0,0.0,0.0
-0.6907559642428748,-0.6902097781999504,-0.6772131483754333,-0.6730479377647057,0.0,0.0,0.0
-0.9051442191796929,-0.9236370428370227,-0.8989901611383095,-0.8881374266450182,0.0,0.0,0.0
-0.8008090164144834,-0.8267263174415207,-0.8016736359186082,-0.7878099837991182,0.0,0.0,0.0
2.0000198075281252,1.9431253401283095,1.922749070217291,1.8450350799415423,0.0,0.0,0.0
1.5141560238130796,1.629702764960724,1.5450133079151247,1.6717503348220095,0.0,0.0,0.0
-1.1035575326368119,-1.1108310648245157,-1.0632292008288204,-1.09417961249191,0.0,0.0,0.0
2.058524104599874,1.9831649603455563,1.9499568006589871,1.9094440761728193,0.0,0.0,0.0
-0.4295717351214144,-0.4638498159595428,-0.4158510134238301,-0.44195008595483026,0.0,0.0,0.0
0.25153960568977557,0.21255139225992511,0.2687528757956464,0.22435613532602725,0.0,0.0,0.0
0.9456363525042221,0.9103830396970947,0.9715413067283032,0.9944858906375834,0.0,0.0,0.0
-0.4697231453656979,-0.4987292638874522,-0.4721848318637564,-0.4940615555081836,0.0,0.0,0.0
1.2049505670627483,1.1436545789701544,1.1669448885962304,1.109556049159202,0.0,0.0,0.0
-0.6405195364360715,-0.6475784429959167,-0.6149967210294611,-0.6363088952666472,0.0,0.0,0.0
1.5111758176775831,1.433390719549175,1.4910984267597807,1.4455957692125991,0.0,0.0,0.0
-0.8057991772271023,-0.8420056047807115,-0.794428514886536,-0.8225239906910258,0.0,0.0,0.0
-0.3577244073101495,-0.3169148453840424,-0.3829732344701634,-0.436514027257992,0.0,0.0,0.0
-1.1550067747665824,-1.1717035028949732,-1.1190061110362681,-1.1358567541115232,0.0,0.0,0.0
1.382834147471692,1.3241493766941037,1.423232144139275,1.3686081066265203,0.0,0.0,0.0
-1.1478356213594993,-1.1761012276228446,-1.1615022478218626,-1.1873426619484275,0.0,0.0,0.0
0.04126040714290773,0.011826454065568514,0.009731030782817193,0.007736458167501696,0.0,0.0,0.0
1.4106760106345773,1.4431862494270535,1.4887602624249474,1.5203789232622693,0.0,0.0,0.0
-1.1664248514909277,-1.1812927472257173,-1.139714807429098,-1.1688413888951048,0.0,0.0,0.0
-0.8270451963412353,-0.8295951022318109,-0.8990422384348582,-0.926911878907045,0.0,0.0,0.0
-0.3452655907736169,-0.33738565232610584,-0.3150867586122203,-0.35481545960658084,0.0,0.0,0.0
2.0493357403615997,1.997637307162135,2.0180813441582948,1.9440377428340343,0.0,0.0,0.0
-0.7258456887272873,-0.759598573515323,-0.7342558557296022,-0.7708326745293174,0.0,0.0,0.0
1.036958161243337,1.1692633117209823,1.110236963862731,1.239291117172902,0.0,0.0,0.0
-1.1219591393558837,-1.1529871343072111,-1.084130264378289,-1.118526723475897,0.0,0.0,0.0
-0.7822819818893614,-0.814402778407588,-0.8089708342472287,-0.832375290955372,0.0,0.0,0.0
0.4105323072767069,0.4059946528811837,0.43482737448900105,0.4228106621445462,0.0,0.0,0.0
-0.95661522977167,-0.9906029941772332,-1.2244201244682849,-1.224421976822929,0.0,0.0,0.0
-0.052969046191013315,-0.05069323477097389,0.0033659097822184916,0.009484503759900821,0.0,0.0,0.0
1.2406187106858064,1.1670518093112658,1.176130686026214,1.1277419478148458,0.0,0.0,0.0
-0.852634541962405,-0.8774594163888765,-0.8521205942446063,-0.8712202874905642,0.0,0.0,0.0
0.05700522487927423,0.14014921003053613,0.11279731466226739,0.1983450094279697,0.0,0.0,0.0
-0.7407861099554295,-0.7622570279438295,-0.7302225222520147,-0.7505377095891943,0.0,0.0,0.0
-0.3815484343056666,-0.4182890237454735,-0.36533391016778705,-0.40155104057844276,0.0,0.0,0.0
1.665407445601789,1.729963608089829,1.6534350509233138,1.692809875193348,0.0,0.0,0.0
-1.0363873144197593,-1.0108078545560797,-1.004107652820591,-1.0293525377005517,0.0,0.0,0.0
0.9887182123989572,1.3538292153898412,1.0540923241735327,1.4366988914675447,0.0,0.0,0.0
-0.28766002021299025,-0.06342226647353752,-0.235801731621965,-0.034265394591827265,0.0,0.0,0.0
0.3474130962170522,0.29761586675015794,0.2906976108800269,0.257211093136879,0.0,0.0,0.0
-0.5539131912483902,-0.5846623623237052,-0.5155312102256538,-0.5514306482438988,0.0,0.0,0.0
-0.8070741871563754,-0.7231153565788128,-0.767195277197551,-0.686281213477848,0.0,0.0,0.0
0.054625206344630986,0.16704722745095157,0.013425330431853583,0.0715676138082941,0.0,0.0,0.0
-0.746340177598556,-0.6735663771201527,-0.7184838744891812,-0.7263887450195384,0.0,0.0,0.0
0.2776824922070687,0.23409003026950592,0.23101915463931888,0.20486724244839347,0.0,0.0,0.0
1.513415896098038,1.4860097133269472,1.5495865447936645,1.5034690460182882,0.0,0.0,0.0
1.1320386577902117,1.0589207680775332,1.0073524191202152,0.9514072002967051,0.0,0.0,0.0
-1.1583186908023775,-1.184932069206773,-1.144198768942126,-1.1622465367699522,0.0,0.0,0.0
-0.47677509052736095,-0.4185408134574166,-0.42027758363045775,-0.4061924387863921,0.0,0.0,0.0
-0.6640191096853593,-0.6637698360386118,-0.6162688949880042,-0.6397105816152985,0.0,0.0,0.0
1.6250995097483023,1.560485874267963,1.6284145669366574,1.593147415863607,0.0,0.0,0.0
-0.8752198397989943,-0.8057438414462719,-0.8366036854770764,-0.7931412635019904,0.0,0.0,0.0
0.02063219771808093,0.008894974648208036,0.0016781802532573034,-0.0008730554059830927,0.0,0.0,0.0
0.19495715285288268,0.1860315650092555,0.23227857497421756,0.18846984860064123,0.0,0.0,0.0
-0.7941571963200554,-0.8359393940098443,-0.8261223324452013,-0.8620142598425218,0.0,0.0,0.0
-0.5617809354461006,-0.6040966855117864,-0.5262570077107162,-0.5580109765481056,0.0,0.0,0.0
-0.6775331783422167,-0.6845379368574275,-0.6591561428986985,-0.6467494476950786,0.0,0.0,0.0
-1.1323198907730265,-1.1633105124968737,-1.1006036949191598,-1.1301167325906063,0.0,0.0,0.0
-0.7708120754930945,-0.8108271622572655,-0.7842075483374037,-0.7850297095037888,0.0,0.0,0.0
-0.4190347628197376,-0.417529609794995,-0.3980628968456009,-0.43949970987812587,0.0,0.0,0.0
-1.157949663538295,-1.1701047899046844,-1.1319510390354812,-1.154278146149644,0.0,0.0,0.0
-0.7760593114784448,-0.7895261571083536,-0.8044007857746001,-0.82098654050234,0.0,0.0,0.0
-0.8967032388105288,-0.9137454486112144,-0.8724201118788406,-0.9008405828936409,0.0,0.0,0.0
0.1568592342101357,0.19811848238618118,0.16168620529969022,0.24496647466382945,0.0,0.0,0.0
1.2103564018441793,1.2369007022930403,1.1787876909521608,1.3175859236440983,0.0,0.0,0.0
0.3685150288432431,0.2977857489654448,0.21026050655388104,0.222897528736761,0.0,0.0,0.0
-1.1034818613158062,-1.1281307370812248,-1.06457470812332,-1.099446572416308,0.0,0.0,0.0
1.6811087264137414,1.6897318591767219,1.7504688708188945,1.7208377373713017,0.0,0.0,0.0
-1.1352700356988081,-1.155694126511514,-1.1029280428283779,-1.135651345786719,0.0,0.0,0.0
1.1437272854019882,1.104837503980775,1.1127356112950917,1.0428014558451864,0.0,0.0,0.0
-0.08980439402574787,0.0006132166529747073,-0.029913608316251256,0.025670264788158138,0.0,0.0,0.0
-1.0543587348618808,-1.0808792123435869,-1.1422017640397844,-1.1053785158568652,0.0,0.0,0.0
-0.7229463368799885,-0.5669218052701798,-0.6744785589056489,-0.5490881634085053,0.0,0.0,0.0
0.02013255968075601,-0.036421106279555006,-0.06382549358709683,-0.06229844384868984,0.0,0.0,0.0
1.3245661937039062,1.246340288481746,1.3691939779553675,1.3126716850855251,0.0,0.0,0.0
0.1594134004424358,0.10767743802285272,0.20430456431187838,0.15613359868070914,0.0,0.0,0.0
1.871898931724621,1.8895315460199629,1.6357925382150265,1.631409384729405,0.0,0.0,0.0
-0.7308317031661526,-0.7567884385374531,-0.7799021375553995,-0.8026937880211668,0.0,0.0,0.0
1.0941086672844915,1.14260899438321,1.1590588979760204,1.192379175518127,0.0,0.0,0.0
1.8385558671839686,1.854148518668167,1.8164688731794152,1.9252428811144504,0.0,0.0,0.0
-0.616458129543153,-0.5962092969448977,-0.5919987491924352,-0.5529100031488015,0.0,0.0,0.0
-1.1984732108269762,-1.1967924769633165,-1.1700046635848926,-1.1705054038091751,0.0,0.0,0.0
-0.3973917284186843,-0.42993202271459646,-0.45354966211513525,-0.471000840093677,0.0,0.0,0.0
1.9751177233566377,2.0027701769525867,2.0782965153940443,2.012253017568879,0.0,0.0,0.0
